Defense-Type1,Defense-Type2,Normal,Fire,Water,Electric,Grass,Ice,Fighting,Poison,Ground,Flying,Psychic,Bug,Rock,Ghost,Dragon,Dark,Steel,Fairy
Normal,,1,1,1,1,1,1,2,1,1,1,1,1,1,0,1,1,1,1
Normal,Fire,1,0.5,2,1,0.5,0.5,2,1,2,1,1,0.5,2,0,1,1,0.5,0.5
Normal,Water,1,0.5,0.5,2,2,0.5,2,1,1,1,1,1,1,0,1,1,0.5,1
Normal,Electric,1,1,1,0.5,1,1,2,1,2,0.5,1,1,1,0,1,1,0.5,1
Normal,Grass,1,2,0.5,0.5,0.5,2,2,2,0.5,2,1,2,1,0,1,1,1,1
Normal,Ice,1,2,1,1,1,0.5,4,1,1,1,1,1,2,0,1,1,2,1
Normal,Fighting,1,1,1,1,1,1,2,1,1,2,2,0.5,0.5,0,1,0.5,1,2
Normal,Poison,1,1,1,1,0.5,1,1,0.5,2,1,2,0.5,1,0,1,1,1,0.5
Normal,Ground,1,1,2,0,2,2,2,0.5,1,1,1,1,0.5,0,1,1,1,1
Normal,Flying,1,1,1,2,0.5,2,1,1,0,1,1,0.5,2,0,1,1,1,1
Normal,Psychic,1,1,1,1,1,1,1,1,1,1,0.5,2,1,0,1,2,1,1
Normal,Bug,1,2,1,1,0.5,1,1,1,0.5,2,1,1,2,0,1,1,1,1
Normal,Rock,0.5,0.5,2,1,2,1,4,0.5,2,0.5,1,1,1,0,1,1,2,1
Normal,Ghost,0,1,1,1,1,1,0,0.5,1,1,1,0.5,1,0,1,2,1,1
Normal,Dragon,1,0.5,0.5,0.5,0.5,2,2,1,1,1,1,1,1,0,2,1,1,2
Normal,Dark,1,1,1,1,1,1,4,1,1,1,0,2,1,0,1,0.5,1,2
Normal,Steel,0.5,2,1,1,0.5,0.5,4,0,2,0.5,0.5,0.5,0.5,0,0.5,1,0.5,0.5
Normal,Fairy,1,1,1,1,1,1,1,2,1,1,1,0.5,1,0,0,0.5,2,1
Fire,,1,0.5,2,1,0.5,0.5,1,1,2,1,1,0.5,2,1,1,1,0.5,0.5
Fire,Normal,1,0.5,2,1,0.5,0.5,2,1,2,1,1,0.5,2,0,1,1,0.5,0.5
Fire,Water,1,0.25,1,2,1,0.25,1,1,2,1,1,0.5,2,1,1,1,0.25,0.5
Fire,Electric,1,0.5,2,0.5,0.5,0.5,1,1,4,0.5,1,0.5,2,1,1,1,0.25,0.5
Fire,Grass,1,1,1,0.5,0.25,1,1,2,1,2,1,1,2,1,1,1,0.5,0.5
Fire,Ice,1,1,2,1,0.5,0.25,2,1,2,1,1,0.5,4,1,1,1,1,0.5
Fire,Fighting,1,0.5,2,1,0.5,0.5,1,1,2,2,2,0.25,1,1,1,0.5,0.5,1
Fire,Poison,1,0.5,2,1,0.25,0.5,0.5,0.5,4,1,2,0.25,2,1,1,1,0.5,0.25
Fire,Ground,1,0.5,4,0,1,1,1,0.5,2,1,1,0.5,1,1,1,1,0.5,0.5
Fire,Flying,1,0.5,2,2,0.25,1,0.5,1,0,1,1,0.25,4,1,1,1,0.5,0.5
Fire,Psychic,1,0.5,2,1,0.5,0.5,0.5,1,2,1,0.5,1,2,2,1,2,0.5,0.5
Fire,Bug,1,1,2,1,0.25,0.5,0.5,1,1,2,1,0.5,4,1,1,1,0.5,0.5
Fire,Rock,0.5,0.25,4,1,1,0.5,2,0.5,4,0.5,1,0.5,2,1,1,1,1,0.5
Fire,Ghost,0,0.5,2,1,0.5,0.5,0,0.5,2,1,1,0.25,2,2,1,2,0.5,0.5
Fire,Dragon,1,0.25,1,0.5,0.25,1,1,1,2,1,1,0.5,2,1,2,1,0.5,1
Fire,Dark,1,0.5,2,1,0.5,0.5,2,1,2,1,0,1,2,0.5,1,0.5,0.5,1
Fire,Steel,0.5,1,2,1,0.25,0.25,2,0,4,0.5,0.5,0.25,1,1,0.5,1,0.25,0.25
Fire,Fairy,1,0.5,2,1,0.5,0.5,0.5,2,2,1,1,0.25,2,1,0,0.5,1,0.5
Water,,1,0.5,0.5,2,2,0.5,1,1,1,1,1,1,1,1,1,1,0.5,1
Water,Normal,1,0.5,0.5,2,2,0.5,2,1,1,1,1,1,1,0,1,1,0.5,1
Water,Fire,1,0.25,1,2,1,0.25,1,1,2,1,1,0.5,2,1,1,1,0.25,0.5
Water,Electric,1,0.5,0.5,1,2,0.5,1,1,2,0.5,1,1,1,1,1,1,0.25,1
Water,Grass,1,1,0.25,1,1,1,1,2,0.5,2,1,2,1,1,1,1,0.5,1
Water,Ice,1,1,0.5,2,2,0.25,2,1,1,1,1,1,2,1,1,1,1,1
Water,Fighting,1,0.5,0.5,2,2,0.5,1,1,1,2,2,0.5,0.5,1,1,0.5,0.5,2
Water,Poison,1,0.5,0.5,2,1,0.5,0.5,0.5,2,1,2,0.5,1,1,1,1,0.5,0.5
Water,Ground,1,0.5,1,0,4,1,1,0.5,1,1,1,1,0.5,1,1,1,0.5,1
Water,Flying,1,0.5,0.5,4,1,1,0.5,1,0,1,1,0.5,2,1,1,1,0.5,1
Water,Psychic,1,0.5,0.5,2,2,0.5,0.5,1,1,1,0.5,2,1,2,1,2,0.5,1
Water,Bug,1,1,0.5,2,1,0.5,0.5,1,0.5,2,1,1,2,1,1,1,0.5,1
Water,Rock,0.5,0.25,1,2,4,0.5,2,0.5,2,0.5,1,1,1,1,1,1,1,1
Water,Ghost,0,0.5,0.5,2,2,0.5,0,0.5,1,1,1,0.5,1,2,1,2,0.5,1
Water,Dragon,1,0.25,0.25,1,1,1,1,1,1,1,1,1,1,1,2,1,0.5,2
Water,Dark,1,0.5,0.5,2,2,0.5,2,1,1,1,0,2,1,0.5,1,0.5,0.5,2
Water,Steel,0.5,1,0.5,2,1,0.25,2,0,2,0.5,0.5,0.5,0.5,1,0.5,1,0.25,0.5
Water,Fairy,1,0.5,0.5,2,2,0.5,0.5,2,1,1,1,0.5,1,1,0,0.5,1,1
Electric,,1,1,1,0.5,1,1,1,1,2,0.5,1,1,1,1,1,1,0.5,1
Electric,Normal,1,1,1,0.5,1,1,2,1,2,0.5,1,1,1,0,1,1,0.5,1
Electric,Fire,1,0.5,2,0.5,0.5,0.5,1,1,4,0.5,1,0.5,2,1,1,1,0.25,0.5
Electric,Water,1,0.5,0.5,1,2,0.5,1,1,2,0.5,1,1,1,1,1,1,0.25,1
Electric,Grass,1,2,0.5,0.25,0.5,2,1,2,1,1,1,2,1,1,1,1,0.5,1
Electric,Ice,1,2,1,0.5,1,0.5,2,1,2,0.5,1,1,2,1,1,1,1,1
Electric,Fighting,1,1,1,0.5,1,1,1,1,2,1,2,0.5,0.5,1,1,0.5,0.5,2
Electric,Poison,1,1,1,0.5,0.5,1,0.5,0.5,4,0.5,2,0.5,1,1,1,1,0.5,0.5
Electric,Ground,1,1,2,0,2,2,1,0.5,2,0.5,1,1,0.5,1,1,1,0.5,1
Electric,Flying,1,1,1,1,0.5,2,0.5,1,0,0.5,1,0.5,2,1,1,1,0.5,1
Electric,Psychic,1,1,1,0.5,1,1,0.5,1,2,0.5,0.5,2,1,2,1,2,0.5,1
Electric,Bug,1,2,1,0.5,0.5,1,0.5,1,1,1,1,1,2,1,1,1,0.5,1
Electric,Rock,0.5,0.5,2,0.5,2,1,2,0.5,4,0.25,1,1,1,1,1,1,1,1
Electric,Ghost,0,1,1,0.5,1,1,0,0.5,2,0.5,1,0.5,1,2,1,2,0.5,1
Electric,Dragon,1,0.5,0.5,0.25,0.5,2,1,1,2,0.5,1,1,1,1,2,1,0.5,2
Electric,Dark,1,1,1,0.5,1,1,2,1,2,0.5,0,2,1,0.5,1,0.5,0.5,2
Electric,Steel,0.5,2,1,0.5,0.5,0.5,2,0,4,0.25,0.5,0.5,0.5,1,0.5,1,0.25,0.5
Electric,Fairy,1,1,1,0.5,1,1,0.5,2,2,0.5,1,0.5,1,1,0,0.5,1,1
Grass,,1,2,0.5,0.5,0.5,2,1,2,0.5,2,1,2,1,1,1,1,1,1
Grass,Normal,1,2,0.5,0.5,0.5,2,2,2,0.5,2,1,2,1,0,1,1,1,1
Grass,Fire,1,1,1,0.5,0.25,1,1,2,1,2,1,1,2,1,1,1,0.5,0.5
Grass,Water,1,1,0.25,1,1,1,1,2,0.5,2,1,2,1,1,1,1,0.5,1
Grass,Electric,1,2,0.5,0.25,0.5,2,1,2,1,1,1,2,1,1,1,1,0.5,1
Grass,Ice,1,4,0.5,0.5,0.5,1,2,2,0.5,2,1,2,2,1,1,1,2,1
Grass,Fighting,1,2,0.5,0.5,0.5,2,1,2,0.5,4,2,1,0.5,1,1,0.5,1,2
Grass,Poison,1,2,0.5,0.5,0.25,2,0.5,1,1,2,2,1,1,1,1,1,1,0.5
Grass,Ground,1,2,1,0,1,4,1,1,0.5,2,1,2,0.5,1,1,1,1,1
Grass,Flying,1,2,0.5,1,0.25,4,0.5,2,0,2,1,1,2,1,1,1,1,1
Grass,Psychic,1,2,0.5,0.5,0.5,2,0.5,2,0.5,2,0.5,4,1,2,1,2,1,1
Grass,Bug,1,4,0.5,0.5,0.25,2,0.5,2,0.25,4,1,2,2,1,1,1,1,1
Grass,Rock,0.5,1,1,0.5,1,2,2,1,1,1,1,2,1,1,1,1,2,1
Grass,Ghost,0,2,0.5,0.5,0.5,2,0,1,0.5,2,1,1,1,2,1,2,1,1
Grass,Dragon,1,1,0.25,0.25,0.25,4,1,2,0.5,2,1,2,1,1,2,1,1,2
Grass,Dark,1,2,0.5,0.5,0.5,2,2,2,0.5,2,0,4,1,0.5,1,0.5,1,2
Grass,Steel,0.5,4,0.5,0.5,0.25,1,2,0,1,1,0.5,1,0.5,1,0.5,1,0.5,0.5
Grass,Fairy,1,2,0.5,0.5,0.5,2,0.5,4,0.5,2,1,1,1,1,0,0.5,2,1
Ice,,1,2,1,1,1,0.5,2,1,1,1,1,1,2,1,1,1,2,1
Ice,Normal,1,2,1,1,1,0.5,4,1,1,1,1,1,2,0,1,1,2,1
Ice,Fire,1,1,2,1,0.5,0.25,2,1,2,1,1,0.5,4,1,1,1,1,0.5
Ice,Water,1,1,0.5,2,2,0.25,2,1,1,1,1,1,2,1,1,1,1,1
Ice,Electric,1,2,1,0.5,1,0.5,2,1,2,0.5,1,1,2,1,1,1,1,1
Ice,Grass,1,4,0.5,0.5,0.5,1,2,2,0.5,2,1,2,2,1,1,1,2,1
Ice,Fighting,1,2,1,1,1,0.5,2,1,1,2,2,0.5,1,1,1,0.5,2,2
Ice,Poison,1,2,1,1,0.5,0.5,1,0.5,2,1,2,0.5,2,1,1,1,2,0.5
Ice,Ground,1,2,2,0,2,1,2,0.5,1,1,1,1,1,1,1,1,2,1
Ice,Flying,1,2,1,2,0.5,1,1,1,0,1,1,0.5,4,1,1,1,2,1
Ice,Psychic,1,2,1,1,1,0.5,1,1,1,1,0.5,2,2,2,1,2,2,1
Ice,Bug,1,4,1,1,0.5,0.5,1,1,0.5,2,1,1,4,1,1,1,2,1
Ice,Rock,0.5,1,2,1,2,0.5,4,0.5,2,0.5,1,1,2,1,1,1,4,1
Ice,Ghost,0,2,1,1,1,0.5,0,0.5,1,1,1,0.5,2,2,1,2,2,1
Ice,Dragon,1,1,0.5,0.5,0.5,1,2,1,1,1,1,1,2,1,2,1,2,2
Ice,Dark,1,2,1,1,1,0.5,4,1,1,1,0,2,2,0.5,1,0.5,2,2
Ice,Steel,0.5,4,1,1,0.5,0.25,4,0,2,0.5,0.5,0.5,1,1,0.5,1,1,0.5
Ice,Fairy,1,2,1,1,1,0.5,1,2,1,1,1,0.5,2,1,0,0.5,4,1
Fighting,,1,1,1,1,1,1,1,1,1,2,2,0.5,0.5,1,1,0.5,1,2
Fighting,Normal,1,1,1,1,1,1,2,1,1,2,2,0.5,0.5,0,1,0.5,1,2
Fighting,Fire,1,0.5,2,1,0.5,0.5,1,1,2,2,2,0.25,1,1,1,0.5,0.5,1
Fighting,Water,1,0.5,0.5,2,2,0.5,1,1,1,2,2,0.5,0.5,1,1,0.5,0.5,2
Fighting,Electric,1,1,1,0.5,1,1,1,1,2,1,2,0.5,0.5,1,1,0.5,0.5,2
Fighting,Grass,1,2,0.5,0.5,0.5,2,1,2,0.5,4,2,1,0.5,1,1,0.5,1,2
Fighting,Ice,1,2,1,1,1,0.5,2,1,1,2,2,0.5,1,1,1,0.5,2,2
Fighting,Poison,1,1,1,1,0.5,1,0.5,0.5,2,2,4,0.25,0.5,1,1,0.5,1,1
Fighting,Ground,1,1,2,0,2,2,1,0.5,1,2,2,0.5,0.25,1,1,0.5,1,2
Fighting,Flying,1,1,1,2,0.5,2,0.5,1,0,2,2,0.25,1,1,1,0.5,1,2
Fighting,Psychic,1,1,1,1,1,1,0.5,1,1,2,1,1,0.5,2,1,1,1,2
Fighting,Bug,1,2,1,1,0.5,1,0.5,1,0.5,4,2,0.5,1,1,1,0.5,1,2
Fighting,Rock,0.5,0.5,2,1,2,1,2,0.5,2,1,2,0.5,0.5,1,1,0.5,2,2
Fighting,Ghost,0,1,1,1,1,1,0,0.5,1,2,2,0.25,0.5,2,1,1,1,2
Fighting,Dragon,1,0.5,0.5,0.5,0.5,2,1,1,1,2,2,0.5,0.5,1,2,0.5,1,4
Fighting,Dark,1,1,1,1,1,1,2,1,1,2,0,1,0.5,0.5,1,0.25,1,4
Fighting,Steel,0.5,2,1,1,0.5,0.5,2,0,2,1,1,0.25,0.25,1,0.5,0.5,0.5,1
Fighting,Fairy,1,1,1,1,1,1,0.5,2,1,2,2,0.25,0.5,1,0,0.25,2,2
Poison,,1,1,1,1,0.5,1,0.5,0.5,2,1,2,0.5,1,1,1,1,1,0.5
Poison,Normal,1,1,1,1,0.5,1,1,0.5,2,1,2,0.5,1,0,1,1,1,0.5
Poison,Fire,1,0.5,2,1,0.25,0.5,0.5,0.5,4,1,2,0.25,2,1,1,1,0.5,0.25
Poison,Water,1,0.5,0.5,2,1,0.5,0.5,0.5,2,1,2,0.5,1,1,1,1,0.5,0.5
Poison,Electric,1,1,1,0.5,0.5,1,0.5,0.5,4,0.5,2,0.5,1,1,1,1,0.5,0.5
Poison,Grass,1,2,0.5,0.5,0.25,2,0.5,1,1,2,2,1,1,1,1,1,1,0.5
Poison,Ice,1,2,1,1,0.5,0.5,1,0.5,2,1,2,0.5,2,1,1,1,2,0.5
Poison,Fighting,1,1,1,1,0.5,1,0.5,0.5,2,2,4,0.25,0.5,1,1,0.5,1,1
Poison,Ground,1,1,2,0,1,2,0.5,0.25,2,1,2,0.5,0.5,1,1,1,1,0.5
Poison,Flying,1,1,1,2,0.25,2,0.25,0.5,0,1,2,0.25,2,1,1,1,1,0.5
Poison,Psychic,1,1,1,1,0.5,1,0.25,0.5,2,1,1,1,1,2,1,2,1,0.5
Poison,Bug,1,2,1,1,0.25,1,0.25,0.5,1,2,2,0.5,2,1,1,1,1,0.5
Poison,Rock,0.5,0.5,2,1,1,1,1,0.25,4,0.5,2,0.5,1,1,1,1,2,0.5
Poison,Ghost,0,1,1,1,0.5,1,0,0.25,2,1,2,0.25,1,2,1,2,1,0.5
Poison,Dragon,1,0.5,0.5,0.5,0.25,2,0.5,0.5,2,1,2,0.5,1,1,2,1,1,1
Poison,Dark,1,1,1,1,0.5,1,1,0.5,2,1,0,1,1,0.5,1,0.5,1,1
Poison,Steel,0.5,2,1,1,0.25,0.5,1,0,4,0.5,1,0.25,0.5,1,0.5,1,0.5,0.25
Poison,Fairy,1,1,1,1,0.5,1,0.25,1,2,1,2,0.25,1,1,0,0.5,2,0.5
Ground,,1,1,2,0,2,2,1,0.5,1,1,1,1,0.5,1,1,1,1,1
Ground,Normal,1,1,2,0,2,2,2,0.5,1,1,1,1,0.5,0,1,1,1,1
Ground,Fire,1,0.5,4,0,1,1,1,0.5,2,1,1,0.5,1,1,1,1,0.5,0.5
Ground,Water,1,0.5,1,0,4,1,1,0.5,1,1,1,1,0.5,1,1,1,0.5,1
Ground,Electric,1,1,2,0,2,2,1,0.5,2,0.5,1,1,0.5,1,1,1,0.5,1
Ground,Grass,1,2,1,0,1,4,1,1,0.5,2,1,2,0.5,1,1,1,1,1
Ground,Ice,1,2,2,0,2,1,2,0.5,1,1,1,1,1,1,1,1,2,1
Ground,Fighting,1,1,2,0,2,2,1,0.5,1,2,2,0.5,0.25,1,1,0.5,1,2
Ground,Poison,1,1,2,0,1,2,0.5,0.25,2,1,2,0.5,0.5,1,1,1,1,0.5
Ground,Flying,1,1,2,0,1,4,0.5,0.5,0,1,1,0.5,1,1,1,1,1,1
Ground,Psychic,1,1,2,0,2,2,0.5,0.5,1,1,0.5,2,0.5,2,1,2,1,1
Ground,Bug,1,2,2,0,1,2,0.5,0.5,0.5,2,1,1,1,1,1,1,1,1
Ground,Rock,0.5,0.5,4,0,4,2,2,0.25,2,0.5,1,1,0.5,1,1,1,2,1
Ground,Ghost,0,1,2,0,2,2,0,0.25,1,1,1,0.5,0.5,2,1,2,1,1
Ground,Dragon,1,0.5,1,0,1,4,1,0.5,1,1,1,1,0.5,1,2,1,1,2
Ground,Dark,1,1,2,0,2,2,2,0.5,1,1,0,2,0.5,0.5,1,0.5,1,2
Ground,Steel,0.5,2,2,0,1,1,2,0,2,0.5,0.5,0.5,0.25,1,0.5,1,0.5,0.5
Ground,Fairy,1,1,2,0,2,2,0.5,1,1,1,1,0.5,0.5,1,0,0.5,2,1
Flying,,1,1,1,2,0.5,2,0.5,1,0,1,1,0.5,2,1,1,1,1,1
Flying,Normal,1,1,1,2,0.5,2,1,1,0,1,1,0.5,2,0,1,1,1,1
Flying,Fire,1,0.5,2,2,0.25,1,0.5,1,0,1,1,0.25,4,1,1,1,0.5,0.5
Flying,Water,1,0.5,0.5,4,1,1,0.5,1,0,1,1,0.5,2,1,1,1,0.5,1
Flying,Electric,1,1,1,1,0.5,2,0.5,1,0,0.5,1,0.5,2,1,1,1,0.5,1
Flying,Grass,1,2,0.5,1,0.25,4,0.5,2,0,2,1,1,2,1,1,1,1,1
Flying,Ice,1,2,1,2,0.5,1,1,1,0,1,1,0.5,4,1,1,1,2,1
Flying,Fighting,1,1,1,2,0.5,2,0.5,1,0,2,2,0.25,1,1,1,0.5,1,2
Flying,Poison,1,1,1,2,0.25,2,0.25,0.5,0,1,2,0.25,2,1,1,1,1,0.5
Flying,Ground,1,1,2,0,1,4,0.5,0.5,0,1,1,0.5,1,1,1,1,1,1
Flying,Psychic,1,1,1,2,0.5,2,0.25,1,0,1,0.5,1,2,2,1,2,1,1
Flying,Bug,1,2,1,2,0.25,2,0.25,1,0,2,1,0.5,4,1,1,1,1,1
Flying,Rock,0.5,0.5,2,2,1,2,1,0.5,0,0.5,1,0.5,2,1,1,1,2,1
Flying,Ghost,0,1,1,2,0.5,2,0,0.5,0,1,1,0.25,2,2,1,2,1,1
Flying,Dragon,1,0.5,0.5,1,0.25,4,0.5,1,0,1,1,0.5,2,1,2,1,1,2
Flying,Dark,1,1,1,2,0.5,2,1,1,0,1,0,1,2,0.5,1,0.5,1,2
Flying,Steel,0.5,2,1,2,0.25,1,1,0,0,0.5,0.5,0.25,1,1,0.5,1,0.5,0.5
Flying,Fairy,1,1,1,2,0.5,2,0.25,2,0,1,1,0.25,2,1,0,0.5,2,1
Psychic,,1,1,1,1,1,1,0.5,1,1,1,0.5,2,1,2,1,2,1,1
Psychic,Normal,1,1,1,1,1,1,1,1,1,1,0.5,2,1,0,1,2,1,1
Psychic,Fire,1,0.5,2,1,0.5,0.5,0.5,1,2,1,0.5,1,2,2,1,2,0.5,0.5
Psychic,Water,1,0.5,0.5,2,2,0.5,0.5,1,1,1,0.5,2,1,2,1,2,0.5,1
Psychic,Electric,1,1,1,0.5,1,1,0.5,1,2,0.5,0.5,2,1,2,1,2,0.5,1
Psychic,Grass,1,2,0.5,0.5,0.5,2,0.5,2,0.5,2,0.5,4,1,2,1,2,1,1
Psychic,Ice,1,2,1,1,1,0.5,1,1,1,1,0.5,2,2,2,1,2,2,1
Psychic,Fighting,1,1,1,1,1,1,0.5,1,1,2,1,1,0.5,2,1,1,1,2
Psychic,Poison,1,1,1,1,0.5,1,0.25,0.5,2,1,1,1,1,2,1,2,1,0.5
Psychic,Ground,1,1,2,0,2,2,0.5,0.5,1,1,0.5,2,0.5,2,1,2,1,1
Psychic,Flying,1,1,1,2,0.5,2,0.25,1,0,1,0.5,1,2,2,1,2,1,1
Psychic,Bug,1,2,1,1,0.5,1,0.25,1,0.5,2,0.5,2,2,2,1,2,1,1
Psychic,Rock,0.5,0.5,2,1,2,1,1,0.5,2,0.5,0.5,2,1,2,1,2,2,1
Psychic,Ghost,0,1,1,1,1,1,0,0.5,1,1,0.5,1,1,4,1,4,1,1
Psychic,Dragon,1,0.5,0.5,0.5,0.5,2,0.5,1,1,1,0.5,2,1,2,2,2,1,2
Psychic,Dark,1,1,1,1,1,1,1,1,1,1,0,4,1,1,1,1,1,2
Psychic,Steel,0.5,2,1,1,0.5,0.5,1,0,2,0.5,0.25,1,0.5,2,0.5,2,0.5,0.5
Psychic,Fairy,1,1,1,1,1,1,0.25,2,1,1,0.5,1,1,2,0,1,2,1
Bug,,1,2,1,1,0.5,1,0.5,1,0.5,2,1,1,2,1,1,1,1,1
Bug,Normal,1,2,1,1,0.5,1,1,1,0.5,2,1,1,2,0,1,1,1,1
Bug,Fire,1,1,2,1,0.25,0.5,0.5,1,1,2,1,0.5,4,1,1,1,0.5,0.5
Bug,Water,1,1,0.5,2,1,0.5,0.5,1,0.5,2,1,1,2,1,1,1,0.5,1
Bug,Electric,1,2,1,0.5,0.5,1,0.5,1,1,1,1,1,2,1,1,1,0.5,1
Bug,Grass,1,4,0.5,0.5,0.25,2,0.5,2,0.25,4,1,2,2,1,1,1,1,1
Bug,Ice,1,4,1,1,0.5,0.5,1,1,0.5,2,1,1,4,1,1,1,2,1
Bug,Fighting,1,2,1,1,0.5,1,0.5,1,0.5,4,2,0.5,1,1,1,0.5,1,2
Bug,Poison,1,2,1,1,0.25,1,0.25,0.5,1,2,2,0.5,2,1,1,1,1,0.5
Bug,Ground,1,2,2,0,1,2,0.5,0.5,0.5,2,1,1,1,1,1,1,1,1
Bug,Flying,1,2,1,2,0.25,2,0.25,1,0,2,1,0.5,4,1,1,1,1,1
Bug,Psychic,1,2,1,1,0.5,1,0.25,1,0.5,2,0.5,2,2,2,1,2,1,1
Bug,Rock,0.5,1,2,1,1,1,1,0.5,1,1,1,1,2,1,1,1,2,1
Bug,Ghost,0,2,1,1,0.5,1,0,0.5,0.5,2,1,0.5,2,2,1,2,1,1
Bug,Dragon,1,1,0.5,0.5,0.25,2,0.5,1,0.5,2,1,1,2,1,2,1,1,2
Bug,Dark,1,2,1,1,0.5,1,1,1,0.5,2,0,2,2,0.5,1,0.5,1,2
Bug,Steel,0.5,4,1,1,0.25,0.5,1,0,1,1,0.5,0.5,1,1,0.5,1,0.5,0.5
Bug,Fairy,1,2,1,1,0.5,1,0.25,2,0.5,2,1,0.5,2,1,0,0.5,2,1
Rock,,0.5,0.5,2,1,2,1,2,0.5,2,0.5,1,1,1,1,1,1,2,1
Rock,Normal,0.5,0.5,2,1,2,1,4,0.5,2,0.5,1,1,1,0,1,1,2,1
Rock,Fire,0.5,0.25,4,1,1,0.5,2,0.5,4,0.5,1,0.5,2,1,1,1,1,0.5
Rock,Water,0.5,0.25,1,2,4,0.5,2,0.5,2,0.5,1,1,1,1,1,1,1,1
Rock,Electric,0.5,0.5,2,0.5,2,1,2,0.5,4,0.25,1,1,1,1,1,1,1,1
Rock,Grass,0.5,1,1,0.5,1,2,2,1,1,1,1,2,1,1,1,1,2,1
Rock,Ice,0.5,1,2,1,2,0.5,4,0.5,2,0.5,1,1,2,1,1,1,4,1
Rock,Fighting,0.5,0.5,2,1,2,1,2,0.5,2,1,2,0.5,0.5,1,1,0.5,2,2
Rock,Poison,0.5,0.5,2,1,1,1,1,0.25,4,0.5,2,0.5,1,1,1,1,2,0.5
Rock,Ground,0.5,0.5,4,0,4,2,2,0.25,2,0.5,1,1,0.5,1,1,1,2,1
Rock,Flying,0.5,0.5,2,2,1,2,1,0.5,0,0.5,1,0.5,2,1,1,1,2,1
Rock,Psychic,0.5,0.5,2,1,2,1,1,0.5,2,0.5,0.5,2,1,2,1,2,2,1
Rock,Bug,0.5,1,2,1,1,1,1,0.5,1,1,1,1,2,1,1,1,2,1
Rock,Ghost,0,0.5,2,1,2,1,0,0.25,2,0.5,1,0.5,1,2,1,2,2,1
Rock,Dragon,0.5,0.25,1,0.5,1,2,2,0.5,2,0.5,1,1,1,1,2,1,2,2
Rock,Dark,0.5,0.5,2,1,2,1,4,0.5,2,0.5,0,2,1,0.5,1,0.5,2,2
Rock,Steel,0.25,1,2,1,1,0.5,4,0,4,0.25,0.5,0.5,0.5,1,0.5,1,1,0.5
Rock,Fairy,0.5,0.5,2,1,2,1,1,1,2,0.5,1,0.5,1,1,0,0.5,4,1
Ghost,,0,1,1,1,1,1,0,0.5,1,1,1,0.5,1,2,1,2,1,1
Ghost,Normal,0,1,1,1,1,1,0,0.5,1,1,1,0.5,1,0,1,2,1,1
Ghost,Fire,0,0.5,2,1,0.5,0.5,0,0.5,2,1,1,0.25,2,2,1,2,0.5,0.5
Ghost,Water,0,0.5,0.5,2,2,0.5,0,0.5,1,1,1,0.5,1,2,1,2,0.5,1
Ghost,Electric,0,1,1,0.5,1,1,0,0.5,2,0.5,1,0.5,1,2,1,2,0.5,1
Ghost,Grass,0,2,0.5,0.5,0.5,2,0,1,0.5,2,1,1,1,2,1,2,1,1
Ghost,Ice,0,2,1,1,1,0.5,0,0.5,1,1,1,0.5,2,2,1,2,2,1
Ghost,Fighting,0,1,1,1,1,1,0,0.5,1,2,2,0.25,0.5,2,1,1,1,2
Ghost,Poison,0,1,1,1,0.5,1,0,0.25,2,1,2,0.25,1,2,1,2,1,0.5
Ghost,Ground,0,1,2,0,2,2,0,0.25,1,1,1,0.5,0.5,2,1,2,1,1
Ghost,Flying,0,1,1,2,0.5,2,0,0.5,0,1,1,0.25,2,2,1,2,1,1
Ghost,Psychic,0,1,1,1,1,1,0,0.5,1,1,0.5,1,1,4,1,4,1,1
Ghost,Bug,0,2,1,1,0.5,1,0,0.5,0.5,2,1,0.5,2,2,1,2,1,1
Ghost,Rock,0,0.5,2,1,2,1,0,0.25,2,0.5,1,0.5,1,2,1,2,2,1
Ghost,Dragon,0,0.5,0.5,0.5,0.5,2,0,0.5,1,1,1,0.5,1,2,2,2,1,2
Ghost,Dark,0,1,1,1,1,1,0,0.5,1,1,0,1,1,1,1,1,1,2
Ghost,Steel,0,2,1,1,0.5,0.5,0,0,2,0.5,0.5,0.25,0.5,2,0.5,2,0.5,0.5
Ghost,Fairy,0,1,1,1,1,1,0,1,1,1,1,0.25,1,2,0,1,2,1
Dragon,,1,0.5,0.5,0.5,0.5,2,1,1,1,1,1,1,1,1,2,1,1,2
Dragon,Normal,1,0.5,0.5,0.5,0.5,2,2,1,1,1,1,1,1,0,2,1,1,2
Dragon,Fire,1,0.25,1,0.5,0.25,1,1,1,2,1,1,0.5,2,1,2,1,0.5,1
Dragon,Water,1,0.25,0.25,1,1,1,1,1,1,1,1,1,1,1,2,1,0.5,2
Dragon,Electric,1,0.5,0.5,0.25,0.5,2,1,1,2,0.5,1,1,1,1,2,1,0.5,2
Dragon,Grass,1,1,0.25,0.25,0.25,4,1,2,0.5,2,1,2,1,1,2,1,1,2
Dragon,Ice,1,1,0.5,0.5,0.5,1,2,1,1,1,1,1,2,1,2,1,2,2
Dragon,Fighting,1,0.5,0.5,0.5,0.5,2,1,1,1,2,2,0.5,0.5,1,2,0.5,1,4
Dragon,Poison,1,0.5,0.5,0.5,0.25,2,0.5,0.5,2,1,2,0.5,1,1,2,1,1,1
Dragon,Ground,1,0.5,1,0,1,4,1,0.5,1,1,1,1,0.5,1,2,1,1,2
Dragon,Flying,1,0.5,0.5,1,0.25,4,0.5,1,0,1,1,0.5,2,1,2,1,1,2
Dragon,Psychic,1,0.5,0.5,0.5,0.5,2,0.5,1,1,1,0.5,2,1,2,2,2,1,2
Dragon,Bug,1,1,0.5,0.5,0.25,2,0.5,1,0.5,2,1,1,2,1,2,1,1,2
Dragon,Rock,0.5,0.25,1,0.5,1,2,2,0.5,2,0.5,1,1,1,1,2,1,2,2
Dragon,Ghost,0,0.5,0.5,0.5,0.5,2,0,0.5,1,1,1,0.5,1,2,2,2,1,2
Dragon,Dark,1,0.5,0.5,0.5,0.5,2,2,1,1,1,0,2,1,0.5,2,0.5,1,4
Dragon,Steel,0.5,1,0.5,0.5,0.25,1,2,0,2,0.5,0.5,0.5,0.5,1,1,1,0.5,1
Dragon,Fairy,1,0.5,0.5,0.5,0.5,2,0.5,2,1,1,1,0.5,1,1,0,0.5,2,2
Dark,,1,1,1,1,1,1,2,1,1,1,0,2,1,0.5,1,0.5,1,2
Dark,Normal,1,1,1,1,1,1,4,1,1,1,0,2,1,0,1,0.5,1,2
Dark,Fire,1,0.5,2,1,0.5,0.5,2,1,2,1,0,1,2,0.5,1,0.5,0.5,1
Dark,Water,1,0.5,0.5,2,2,0.5,2,1,1,1,0,2,1,0.5,1,0.5,0.5,2
Dark,Electric,1,1,1,0.5,1,1,2,1,2,0.5,0,2,1,0.5,1,0.5,0.5,2
Dark,Grass,1,2,0.5,0.5,0.5,2,2,2,0.5,2,0,4,1,0.5,1,0.5,1,2
Dark,Ice,1,2,1,1,1,0.5,4,1,1,1,0,2,2,0.5,1,0.5,2,2
Dark,Fighting,1,1,1,1,1,1,2,1,1,2,0,1,0.5,0.5,1,0.25,1,4
Dark,Poison,1,1,1,1,0.5,1,1,0.5,2,1,0,1,1,0.5,1,0.5,1,1
Dark,Ground,1,1,2,0,2,2,2,0.5,1,1,0,2,0.5,0.5,1,0.5,1,2
Dark,Flying,1,1,1,2,0.5,2,1,1,0,1,0,1,2,0.5,1,0.5,1,2
Dark,Psychic,1,1,1,1,1,1,1,1,1,1,0,4,1,1,1,1,1,2
Dark,Bug,1,2,1,1,0.5,1,1,1,0.5,2,0,2,2,0.5,1,0.5,1,2
Dark,Rock,0.5,0.5,2,1,2,1,4,0.5,2,0.5,0,2,1,0.5,1,0.5,2,2
Dark,Ghost,0,1,1,1,1,1,0,0.5,1,1,0,1,1,1,1,1,1,2
Dark,Dragon,1,0.5,0.5,0.5,0.5,2,2,1,1,1,0,2,1,0.5,2,0.5,1,4
Dark,Steel,0.5,2,1,1,0.5,0.5,4,0,2,0.5,0,1,0.5,0.5,0.5,0.5,0.5,1
Dark,Fairy,1,1,1,1,1,1,1,2,1,1,0,1,1,0.5,0,0.25,2,2
Steel,,0.5,2,1,1,0.5,0.5,2,0,2,0.5,0.5,0.5,0.5,1,0.5,1,0.5,0.5
Steel,Normal,0.5,2,1,1,0.5,0.5,4,0,2,0.5,0.5,0.5,0.5,0,0.5,1,0.5,0.5
Steel,Fire,0.5,1,2,1,0.25,0.25,2,0,4,0.5,0.5,0.25,1,1,0.5,1,0.25,0.25
Steel,Water,0.5,1,0.5,2,1,0.25,2,0,2,0.5,0.5,0.5,0.5,1,0.5,1,0.25,0.5
Steel,Electric,0.5,2,1,0.5,0.5,0.5,2,0,4,0.25,0.5,0.5,0.5,1,0.5,1,0.25,0.5
Steel,Grass,0.5,4,0.5,0.5,0.25,1,2,0,1,1,0.5,1,0.5,1,0.5,1,0.5,0.5
Steel,Ice,0.5,4,1,1,0.5,0.25,4,0,2,0.5,0.5,0.5,1,1,0.5,1,1,0.5
Steel,Fighting,0.5,2,1,1,0.5,0.5,2,0,2,1,1,0.25,0.25,1,0.5,0.5,0.5,1
Steel,Poison,0.5,2,1,1,0.25,0.5,1,0,4,0.5,1,0.25,0.5,1,0.5,1,0.5,0.25
Steel,Ground,0.5,2,2,0,1,1,2,0,2,0.5,0.5,0.5,0.25,1,0.5,1,0.5,0.5
Steel,Flying,0.5,2,1,2,0.25,1,1,0,0,0.5,0.5,0.25,1,1,0.5,1,0.5,0.5
Steel,Psychic,0.5,2,1,1,0.5,0.5,1,0,2,0.5,0.25,1,0.5,2,0.5,2,0.5,0.5
Steel,Bug,0.5,4,1,1,0.25,0.5,1,0,1,1,0.5,0.5,1,1,0.5,1,0.5,0.5
Steel,Rock,0.25,1,2,1,1,0.5,4,0,4,0.25,0.5,0.5,0.5,1,0.5,1,1,0.5
Steel,Ghost,0,2,1,1,0.5,0.5,0,0,2,0.5,0.5,0.25,0.5,2,0.5,2,0.5,0.5
Steel,Dragon,0.5,1,0.5,0.5,0.25,1,2,0,2,0.5,0.5,0.5,0.5,1,1,1,0.5,1
Steel,Dark,0.5,2,1,1,0.5,0.5,4,0,2,0.5,0,1,0.5,0.5,0.5,0.5,0.5,1
Steel,Fairy,0.5,2,1,1,0.5,0.5,1,0,2,0.5,0.5,0.25,0.5,1,0,0.5,1,0.5
Fairy,,1,1,1,1,1,1,0.5,2,1,1,1,0.5,1,1,0,0.5,2,1
Fairy,Normal,1,1,1,1,1,1,1,2,1,1,1,0.5,1,0,0,0.5,2,1
Fairy,Fire,1,0.5,2,1,0.5,0.5,0.5,2,2,1,1,0.25,2,1,0,0.5,1,0.5
Fairy,Water,1,0.5,0.5,2,2,0.5,0.5,2,1,1,1,0.5,1,1,0,0.5,1,1
Fairy,Electric,1,1,1,0.5,1,1,0.5,2,2,0.5,1,0.5,1,1,0,0.5,1,1
Fairy,Grass,1,2,0.5,0.5,0.5,2,0.5,4,0.5,2,1,1,1,1,0,0.5,2,1
Fairy,Ice,1,2,1,1,1,0.5,1,2,1,1,1,0.5,2,1,0,0.5,4,1
Fairy,Fighting,1,1,1,1,1,1,0.5,2,1,2,2,0.25,0.5,1,0,0.25,2,2
Fairy,Poison,1,1,1,1,0.5,1,0.25,1,2,1,2,0.25,1,1,0,0.5,2,0.5
Fairy,Ground,1,1,2,0,2,2,0.5,1,1,1,1,0.5,0.5,1,0,0.5,2,1
Fairy,Flying,1,1,1,2,0.5,2,0.25,2,0,1,1,0.25,2,1,0,0.5,2,1
Fairy,Psychic,1,1,1,1,1,1,0.25,2,1,1,0.5,1,1,2,0,1,2,1
Fairy,Bug,1,2,1,1,0.5,1,0.25,2,0.5,2,1,0.5,2,1,0,0.5,2,1
Fairy,Rock,0.5,0.5,2,1,2,1,1,1,2,0.5,1,0.5,1,1,0,0.5,4,1
Fairy,Ghost,0,1,1,1,1,1,0,1,1,1,1,0.25,1,2,0,1,2,1
Fairy,Dragon,1,0.5,0.5,0.5,0.5,2,0.5,2,1,1,1,0.5,1,1,0,0.5,2,2
Fairy,Dark,1,1,1,1,1,1,1,2,1,1,0,1,1,0.5,0,0.25,2,2
Fairy,Steel,0.5,2,1,1,0.5,0.5,1,0,2,0.5,0.5,0.25,0.5,1,0,0.5,1,0.5
